T√≠tulo principal,Subt√≠tulo,P√°rrafo
palabrayverso,,
,es creaci√≥n¬°¬°,"Cartas a Milena, de¬†Franz Kafka"
,es creaci√≥n¬°¬°,
,es creaci√≥n¬°¬°,Una rese√±a de Rub√©n Mettini
,es creaci√≥n¬°¬°,"En abril de 1920, Franz Kafka decide responder a unas cartas que le hab√≠a enviado una joven llamada Milena Jesenk√°, quien hab√≠a traducido del alem√°n al checo algunos cuentos del escritor."
,es creaci√≥n¬°¬°,"Cartas a Milenacontiene la correspondencia que, entre 1920 y 1922, Kafka dirigi√≥ a esta joven. Milena ten√≠a 23 a√±os, proced√≠a de una familia de Praga de elevada posici√≥n social, viv√≠a en Viena y estaba casada con un intelectual que le era infiel. Se sent√≠a sola. Su marido la manten√≠a al margen de la vida cultural de Viena. Impresionada por la literatura de Kafka, ella decide traducirlo del alem√°n al checo. Si bien el intercambio de cartas comienza por motivos meramente literario, poco a poco ambos quedan ligados en una relaci√≥n afectiva de mucha intensidad y esencialmente plat√≥nica, porque sus encuentros, en esos dos a√±os de correspondencia, no pasaron de tres o cuatro."
,es creaci√≥n¬°¬°,
,es creaci√≥n¬°¬°,"En las cartas solo escuchamos la voz, a veces apasionada, otras, confusa, del escritor. Es un hemidi√°logo donde el lector solo puede intuir lo que escribe Milena. Las cartas de la joven se perdieron y es imposible saber qu√© pens√≥ sobre Kafka. Pero esta correspondencia, al margen de su inter√©s psicol√≥gico y afectivo, sirve para penetrar en la vida y la obra del escritor checo. Aqu√≠ apuntar√© algunos aspectos:"
,es creaci√≥n¬°¬°,"Los encuentros. Ambos est√°n enfermos de los pulmones. A Kafka le quedan dos a√±os de vida cuando se termina la correspondencia con Milena. En 1924 sufre un ataque de tuberculosis de laringe, lo que le dificulta tragar los alimentos. Muere el 3 de junio de ese a√±o con 39 a√±os. √âl es 13 a√±os mayor que la joven. Milena muy pronto le confiar√° sus penurias: no tiene dinero, se alimenta solo de t√© y manzanas, sus pulmones tampoco est√°n bien. Franz le ir√° enviando peque√±as cantidades de dinero, porque √©l tampoco dispone de riqueza. Trabaja en una oficina elaborando informes y legajos. A ambos les resulta dif√≠cil el traslado entre Praga y Viena. Logran arreglar tres encuentros en Gm√ºnd, una ciudad austr√≠aca cerca de Checoslovaquia. Pero los encuentros siempre dejan insatisfechos a ambos.El sexo. Kafka ten√≠a el sexo asociado a la suciedad y la culpa. Un fragmento de su carta nos dice: ¬´Mi cuerpo, a veces tranquilo durante a√±os, se ve√≠a sacudido otra vez por ese deseo de un peque√±o y muy preciso acto abominable, de algo ligeramente repugnante, turbador, sucio¬ª. Y asocia su urgencia y su suciedad al eterno jud√≠o ¬´insensatamente errante por un mundo insensatamente sucio¬ª. En sus recuerdos de los encuentros, √©l s√≥lo desea tocar las manos, oler el cabello, besar el cuello de Milena y reposar sobre su regazo. No hace menci√≥n de la relaci√≥n sexual.Los jud√≠os. Su criterio sobre los jud√≠os no es nada favorable. No olvidemos que √©l lo era y viv√≠a en el gueto jud√≠o de Praga. De ellos, con bastante crueldad, le comenta a Milena: ¬´A veces desear√≠a amontonarlos a todos ‚Äìpor ser jud√≠os, precisamente (incluy√©ndome a m√≠) ‚Äì en el caj√≥n de la ropa sucia y esperar un poco, luego abrir un poco el caj√≥n para ver si ya se han asfixiado todos y, si no es as√≠, volver a cerrar el caj√≥n y seguir as√≠ hasta el final¬ª.El miedo. Su vida est√° regida por el temor al mundo pero, especialmente a las instituciones. Cuando Milena le sugiere que diga una mentira en la oficina para viajar a su encuentro, √©l le responde: ¬´Para m√≠ [‚Ä¶], la oficina ‚Äìcomo ya lo fuera la escuela primaria, la secundaria, la universidad, la familia y todo‚Äì es un individuo vivo que me contempla con sus inocentes ojos, est√© yo donde est√©, un individuo al cual estoy ligado por alguna raz√≥n desconocida‚Ä¶¬ª. Este miedo irracional est√° presente en su novela inacabadaEl proceso, donde autoridades difusas acusan a un individuo de culpas que no tiene, hasta conseguir que ese ser acabe acus√°ndose sin ser culpable. Estas persecuciones y demonios hizo que los psic√≥logos dijeran que Kafka padec√≠a un trastorno esquizoide de la personalidad, aunque lo cierto es que su obra encarna, mejor que cualquier otra, la angustia existencial del ser humano del siglo XX, atrapado en las redes de un poder pol√≠tico y burocr√°tico que se le escapa de las manos y ya no puede controlar.Enfermedad Mental. En una de las cartas en que se justifica por no querer ir a Viena a ver a Milena, dice que no podr√≠a soportar mentalmente el esfuerzo del viaje. Y a√±ade: ¬´Estoy mentalmente enfermo, la enfermedad pulmonar es s√≥lo un desborde de la enfermedad mental. Estoy as√≠ enfermo desde los cuatro o cinco a√±os de mis dos primeros compromisos matrimoniales¬ª.Su prosa. La prosa de Kafka es clara, nada barroca. Comparada con la de Flaubert, Proust o James Joyce, por citar tres autores casi contempor√°neos del autor, Kafka utiliza una prosa transparente. Kundera enEl arte de la noveladice que Kafka nunca tuvo un prop√≥sito pol√≠tico en su escritura. El mundo que describi√≥ estaba en su cerebro. Lo kafkiano ‚Äìadjetivo que se utiliza hasta el hartazgo‚Äì est√° en sus argumentos. La escritura de Kafka podr√≠a leerla un ni√±o. Por eso algunos lo consideran un autor menor, pero por su mensaje creo que es de los m√°s grandes escritores del siglo XX. A√±ado que √©l pidi√≥ a su amigo Max Brod que, a su muerte, destruyera toda su obra. Brod fue el encargado de publicar sus relatos y novelas, inclusoEl procesoyEl castillo, las novelas que quedaron inconclusas.La metamorfosis. Hay un fragmento en una carta que me hizo pensar que, de esa observaci√≥n, surgi√≥ la idea deLa metamorfosis. Mientras escribe su carta, no quiere que nada, ni nadie lo moleste. Muchas misivas, escritas en la oficina, se ven interrumpidas por su jefe o un visitante. Esto lo pone de muy mal humor. En el ejemplo que citar√©, Kafka est√° escribiendo y ocurre esto: ¬´A pesar de todo, escribir hace bien. Me siento m√°s sereno que hace dos horas, mientras estaba con su carta en la silla tijera. Mientras estaba tendido all√≠, a un paso de m√≠ yac√≠a un escarabajo, patas arriba, desesperado. No pod√≠a enderezarse, me habr√≠a gustado ayudarlo, era tan f√°cil hacerlo, bastaba un paso y un empujoncito para brindarle una ayuda efectiva. Pero lo olvid√© a causa de la carta¬ª. Creo que de all√≠ surgi√≥ esa idea y ese comienzo: ¬´Cuando Gregorio Samsa se despert√≥ una ma√±ana despu√©s de un sue√±o intranquilo, se encontr√≥ sobre su cama convertido en un monstruoso insecto¬ª. En ning√∫n momento se dice que sea una cucaracha o un escarabajo. Deja librado este dato a la mente del lector, pero lo cierto es que trata con enorme humanidad a ese joven Samsa que sufre porque su transformaci√≥n crear√° problemas a sus padres pues ya no contar√°n con su salario y, adem√°s, impedir√° que su hermana consiga un buen partido para casarse.Los apuntes anteriores surgieron de la lectura cuidadosa de lasCartas a Milena. Mi inter√©s es que el lector de esta rese√±a se acerque a cualquier obra de Franz Kafka y que as√≠ comprenda que, detr√°s del absurdo, se halla un intento de dilucidaci√≥n de la existencia humana contempor√°nea.Nota: El nombre de M√≠lena, es esdr√∫julo. Lo dice el mismo Kafka en una carta, pero en todas las traducciones se transform√≥ en plano: Milena.Facebook:Rub√©n MettiniComparte palabrayverso.comTwitterFacebookImprimirWhatsAppMe gustaCargando..."
,es creaci√≥n¬°¬°,"El sexo. Kafka ten√≠a el sexo asociado a la suciedad y la culpa. Un fragmento de su carta nos dice: ¬´Mi cuerpo, a veces tranquilo durante a√±os, se ve√≠a sacudido otra vez por ese deseo de un peque√±o y muy preciso acto abominable, de algo ligeramente repugnante, turbador, sucio¬ª. Y asocia su urgencia y su suciedad al eterno jud√≠o ¬´insensatamente errante por un mundo insensatamente sucio¬ª. En sus recuerdos de los encuentros, √©l s√≥lo desea tocar las manos, oler el cabello, besar el cuello de Milena y reposar sobre su regazo. No hace menci√≥n de la relaci√≥n sexual.Los jud√≠os. Su criterio sobre los jud√≠os no es nada favorable. No olvidemos que √©l lo era y viv√≠a en el gueto jud√≠o de Praga. De ellos, con bastante crueldad, le comenta a Milena: ¬´A veces desear√≠a amontonarlos a todos ‚Äìpor ser jud√≠os, precisamente (incluy√©ndome a m√≠) ‚Äì en el caj√≥n de la ropa sucia y esperar un poco, luego abrir un poco el caj√≥n para ver si ya se han asfixiado todos y, si no es as√≠, volver a cerrar el caj√≥n y seguir as√≠ hasta el final¬ª.El miedo. Su vida est√° regida por el temor al mundo pero, especialmente a las instituciones. Cuando Milena le sugiere que diga una mentira en la oficina para viajar a su encuentro, √©l le responde: ¬´Para m√≠ [‚Ä¶], la oficina ‚Äìcomo ya lo fuera la escuela primaria, la secundaria, la universidad, la familia y todo‚Äì es un individuo vivo que me contempla con sus inocentes ojos, est√© yo donde est√©, un individuo al cual estoy ligado por alguna raz√≥n desconocida‚Ä¶¬ª. Este miedo irracional est√° presente en su novela inacabadaEl proceso, donde autoridades difusas acusan a un individuo de culpas que no tiene, hasta conseguir que ese ser acabe acus√°ndose sin ser culpable. Estas persecuciones y demonios hizo que los psic√≥logos dijeran que Kafka padec√≠a un trastorno esquizoide de la personalidad, aunque lo cierto es que su obra encarna, mejor que cualquier otra, la angustia existencial del ser humano del siglo XX, atrapado en las redes de un poder pol√≠tico y burocr√°tico que se le escapa de las manos y ya no puede controlar.Enfermedad Mental. En una de las cartas en que se justifica por no querer ir a Viena a ver a Milena, dice que no podr√≠a soportar mentalmente el esfuerzo del viaje. Y a√±ade: ¬´Estoy mentalmente enfermo, la enfermedad pulmonar es s√≥lo un desborde de la enfermedad mental. Estoy as√≠ enfermo desde los cuatro o cinco a√±os de mis dos primeros compromisos matrimoniales¬ª.Su prosa. La prosa de Kafka es clara, nada barroca. Comparada con la de Flaubert, Proust o James Joyce, por citar tres autores casi contempor√°neos del autor, Kafka utiliza una prosa transparente. Kundera enEl arte de la noveladice que Kafka nunca tuvo un prop√≥sito pol√≠tico en su escritura. El mundo que describi√≥ estaba en su cerebro. Lo kafkiano ‚Äìadjetivo que se utiliza hasta el hartazgo‚Äì est√° en sus argumentos. La escritura de Kafka podr√≠a leerla un ni√±o. Por eso algunos lo consideran un autor menor, pero por su mensaje creo que es de los m√°s grandes escritores del siglo XX. A√±ado que √©l pidi√≥ a su amigo Max Brod que, a su muerte, destruyera toda su obra. Brod fue el encargado de publicar sus relatos y novelas, inclusoEl procesoyEl castillo, las novelas que quedaron inconclusas.La metamorfosis. Hay un fragmento en una carta que me hizo pensar que, de esa observaci√≥n, surgi√≥ la idea deLa metamorfosis. Mientras escribe su carta, no quiere que nada, ni nadie lo moleste. Muchas misivas, escritas en la oficina, se ven interrumpidas por su jefe o un visitante. Esto lo pone de muy mal humor. En el ejemplo que citar√©, Kafka est√° escribiendo y ocurre esto: ¬´A pesar de todo, escribir hace bien. Me siento m√°s sereno que hace dos horas, mientras estaba con su carta en la silla tijera. Mientras estaba tendido all√≠, a un paso de m√≠ yac√≠a un escarabajo, patas arriba, desesperado. No pod√≠a enderezarse, me habr√≠a gustado ayudarlo, era tan f√°cil hacerlo, bastaba un paso y un empujoncito para brindarle una ayuda efectiva. Pero lo olvid√© a causa de la carta¬ª. Creo que de all√≠ surgi√≥ esa idea y ese comienzo: ¬´Cuando Gregorio Samsa se despert√≥ una ma√±ana despu√©s de un sue√±o intranquilo, se encontr√≥ sobre su cama convertido en un monstruoso insecto¬ª. En ning√∫n momento se dice que sea una cucaracha o un escarabajo. Deja librado este dato a la mente del lector, pero lo cierto es que trata con enorme humanidad a ese joven Samsa que sufre porque su transformaci√≥n crear√° problemas a sus padres pues ya no contar√°n con su salario y, adem√°s, impedir√° que su hermana consiga un buen partido para casarse.Los apuntes anteriores surgieron de la lectura cuidadosa de lasCartas a Milena. Mi inter√©s es que el lector de esta rese√±a se acerque a cualquier obra de Franz Kafka y que as√≠ comprenda que, detr√°s del absurdo, se halla un intento de dilucidaci√≥n de la existencia humana contempor√°nea.Nota: El nombre de M√≠lena, es esdr√∫julo. Lo dice el mismo Kafka en una carta, pero en todas las traducciones se transform√≥ en plano: Milena.Facebook:Rub√©n MettiniComparte palabrayverso.comTwitterFacebookImprimirWhatsAppMe gustaCargando..."
,es creaci√≥n¬°¬°,"Los jud√≠os. Su criterio sobre los jud√≠os no es nada favorable. No olvidemos que √©l lo era y viv√≠a en el gueto jud√≠o de Praga. De ellos, con bastante crueldad, le comenta a Milena: ¬´A veces desear√≠a amontonarlos a todos ‚Äìpor ser jud√≠os, precisamente (incluy√©ndome a m√≠) ‚Äì en el caj√≥n de la ropa sucia y esperar un poco, luego abrir un poco el caj√≥n para ver si ya se han asfixiado todos y, si no es as√≠, volver a cerrar el caj√≥n y seguir as√≠ hasta el final¬ª.El miedo. Su vida est√° regida por el temor al mundo pero, especialmente a las instituciones. Cuando Milena le sugiere que diga una mentira en la oficina para viajar a su encuentro, √©l le responde: ¬´Para m√≠ [‚Ä¶], la oficina ‚Äìcomo ya lo fuera la escuela primaria, la secundaria, la universidad, la familia y todo‚Äì es un individuo vivo que me contempla con sus inocentes ojos, est√© yo donde est√©, un individuo al cual estoy ligado por alguna raz√≥n desconocida‚Ä¶¬ª. Este miedo irracional est√° presente en su novela inacabadaEl proceso, donde autoridades difusas acusan a un individuo de culpas que no tiene, hasta conseguir que ese ser acabe acus√°ndose sin ser culpable. Estas persecuciones y demonios hizo que los psic√≥logos dijeran que Kafka padec√≠a un trastorno esquizoide de la personalidad, aunque lo cierto es que su obra encarna, mejor que cualquier otra, la angustia existencial del ser humano del siglo XX, atrapado en las redes de un poder pol√≠tico y burocr√°tico que se le escapa de las manos y ya no puede controlar.Enfermedad Mental. En una de las cartas en que se justifica por no querer ir a Viena a ver a Milena, dice que no podr√≠a soportar mentalmente el esfuerzo del viaje. Y a√±ade: ¬´Estoy mentalmente enfermo, la enfermedad pulmonar es s√≥lo un desborde de la enfermedad mental. Estoy as√≠ enfermo desde los cuatro o cinco a√±os de mis dos primeros compromisos matrimoniales¬ª.Su prosa. La prosa de Kafka es clara, nada barroca. Comparada con la de Flaubert, Proust o James Joyce, por citar tres autores casi contempor√°neos del autor, Kafka utiliza una prosa transparente. Kundera enEl arte de la noveladice que Kafka nunca tuvo un prop√≥sito pol√≠tico en su escritura. El mundo que describi√≥ estaba en su cerebro. Lo kafkiano ‚Äìadjetivo que se utiliza hasta el hartazgo‚Äì est√° en sus argumentos. La escritura de Kafka podr√≠a leerla un ni√±o. Por eso algunos lo consideran un autor menor, pero por su mensaje creo que es de los m√°s grandes escritores del siglo XX. A√±ado que √©l pidi√≥ a su amigo Max Brod que, a su muerte, destruyera toda su obra. Brod fue el encargado de publicar sus relatos y novelas, inclusoEl procesoyEl castillo, las novelas que quedaron inconclusas.La metamorfosis. Hay un fragmento en una carta que me hizo pensar que, de esa observaci√≥n, surgi√≥ la idea deLa metamorfosis. Mientras escribe su carta, no quiere que nada, ni nadie lo moleste. Muchas misivas, escritas en la oficina, se ven interrumpidas por su jefe o un visitante. Esto lo pone de muy mal humor. En el ejemplo que citar√©, Kafka est√° escribiendo y ocurre esto: ¬´A pesar de todo, escribir hace bien. Me siento m√°s sereno que hace dos horas, mientras estaba con su carta en la silla tijera. Mientras estaba tendido all√≠, a un paso de m√≠ yac√≠a un escarabajo, patas arriba, desesperado. No pod√≠a enderezarse, me habr√≠a gustado ayudarlo, era tan f√°cil hacerlo, bastaba un paso y un empujoncito para brindarle una ayuda efectiva. Pero lo olvid√© a causa de la carta¬ª. Creo que de all√≠ surgi√≥ esa idea y ese comienzo: ¬´Cuando Gregorio Samsa se despert√≥ una ma√±ana despu√©s de un sue√±o intranquilo, se encontr√≥ sobre su cama convertido en un monstruoso insecto¬ª. En ning√∫n momento se dice que sea una cucaracha o un escarabajo. Deja librado este dato a la mente del lector, pero lo cierto es que trata con enorme humanidad a ese joven Samsa que sufre porque su transformaci√≥n crear√° problemas a sus padres pues ya no contar√°n con su salario y, adem√°s, impedir√° que su hermana consiga un buen partido para casarse.Los apuntes anteriores surgieron de la lectura cuidadosa de lasCartas a Milena. Mi inter√©s es que el lector de esta rese√±a se acerque a cualquier obra de Franz Kafka y que as√≠ comprenda que, detr√°s del absurdo, se halla un intento de dilucidaci√≥n de la existencia humana contempor√°nea.Nota: El nombre de M√≠lena, es esdr√∫julo. Lo dice el mismo Kafka en una carta, pero en todas las traducciones se transform√≥ en plano: Milena.Facebook:Rub√©n MettiniComparte palabrayverso.comTwitterFacebookImprimirWhatsAppMe gustaCargando..."
,es creaci√≥n¬°¬°,"El miedo. Su vida est√° regida por el temor al mundo pero, especialmente a las instituciones. Cuando Milena le sugiere que diga una mentira en la oficina para viajar a su encuentro, √©l le responde: ¬´Para m√≠ [‚Ä¶], la oficina ‚Äìcomo ya lo fuera la escuela primaria, la secundaria, la universidad, la familia y todo‚Äì es un individuo vivo que me contempla con sus inocentes ojos, est√© yo donde est√©, un individuo al cual estoy ligado por alguna raz√≥n desconocida‚Ä¶¬ª. Este miedo irracional est√° presente en su novela inacabadaEl proceso, donde autoridades difusas acusan a un individuo de culpas que no tiene, hasta conseguir que ese ser acabe acus√°ndose sin ser culpable. Estas persecuciones y demonios hizo que los psic√≥logos dijeran que Kafka padec√≠a un trastorno esquizoide de la personalidad, aunque lo cierto es que su obra encarna, mejor que cualquier otra, la angustia existencial del ser humano del siglo XX, atrapado en las redes de un poder pol√≠tico y burocr√°tico que se le escapa de las manos y ya no puede controlar.Enfermedad Mental. En una de las cartas en que se justifica por no querer ir a Viena a ver a Milena, dice que no podr√≠a soportar mentalmente el esfuerzo del viaje. Y a√±ade: ¬´Estoy mentalmente enfermo, la enfermedad pulmonar es s√≥lo un desborde de la enfermedad mental. Estoy as√≠ enfermo desde los cuatro o cinco a√±os de mis dos primeros compromisos matrimoniales¬ª.Su prosa. La prosa de Kafka es clara, nada barroca. Comparada con la de Flaubert, Proust o James Joyce, por citar tres autores casi contempor√°neos del autor, Kafka utiliza una prosa transparente. Kundera enEl arte de la noveladice que Kafka nunca tuvo un prop√≥sito pol√≠tico en su escritura. El mundo que describi√≥ estaba en su cerebro. Lo kafkiano ‚Äìadjetivo que se utiliza hasta el hartazgo‚Äì est√° en sus argumentos. La escritura de Kafka podr√≠a leerla un ni√±o. Por eso algunos lo consideran un autor menor, pero por su mensaje creo que es de los m√°s grandes escritores del siglo XX. A√±ado que √©l pidi√≥ a su amigo Max Brod que, a su muerte, destruyera toda su obra. Brod fue el encargado de publicar sus relatos y novelas, inclusoEl procesoyEl castillo, las novelas que quedaron inconclusas.La metamorfosis. Hay un fragmento en una carta que me hizo pensar que, de esa observaci√≥n, surgi√≥ la idea deLa metamorfosis. Mientras escribe su carta, no quiere que nada, ni nadie lo moleste. Muchas misivas, escritas en la oficina, se ven interrumpidas por su jefe o un visitante. Esto lo pone de muy mal humor. En el ejemplo que citar√©, Kafka est√° escribiendo y ocurre esto: ¬´A pesar de todo, escribir hace bien. Me siento m√°s sereno que hace dos horas, mientras estaba con su carta en la silla tijera. Mientras estaba tendido all√≠, a un paso de m√≠ yac√≠a un escarabajo, patas arriba, desesperado. No pod√≠a enderezarse, me habr√≠a gustado ayudarlo, era tan f√°cil hacerlo, bastaba un paso y un empujoncito para brindarle una ayuda efectiva. Pero lo olvid√© a causa de la carta¬ª. Creo que de all√≠ surgi√≥ esa idea y ese comienzo: ¬´Cuando Gregorio Samsa se despert√≥ una ma√±ana despu√©s de un sue√±o intranquilo, se encontr√≥ sobre su cama convertido en un monstruoso insecto¬ª. En ning√∫n momento se dice que sea una cucaracha o un escarabajo. Deja librado este dato a la mente del lector, pero lo cierto es que trata con enorme humanidad a ese joven Samsa que sufre porque su transformaci√≥n crear√° problemas a sus padres pues ya no contar√°n con su salario y, adem√°s, impedir√° que su hermana consiga un buen partido para casarse.Los apuntes anteriores surgieron de la lectura cuidadosa de lasCartas a Milena. Mi inter√©s es que el lector de esta rese√±a se acerque a cualquier obra de Franz Kafka y que as√≠ comprenda que, detr√°s del absurdo, se halla un intento de dilucidaci√≥n de la existencia humana contempor√°nea.Nota: El nombre de M√≠lena, es esdr√∫julo. Lo dice el mismo Kafka en una carta, pero en todas las traducciones se transform√≥ en plano: Milena.Facebook:Rub√©n MettiniComparte palabrayverso.comTwitterFacebookImprimirWhatsAppMe gustaCargando..."
,es creaci√≥n¬°¬°,"Enfermedad Mental. En una de las cartas en que se justifica por no querer ir a Viena a ver a Milena, dice que no podr√≠a soportar mentalmente el esfuerzo del viaje. Y a√±ade: ¬´Estoy mentalmente enfermo, la enfermedad pulmonar es s√≥lo un desborde de la enfermedad mental. Estoy as√≠ enfermo desde los cuatro o cinco a√±os de mis dos primeros compromisos matrimoniales¬ª.Su prosa. La prosa de Kafka es clara, nada barroca. Comparada con la de Flaubert, Proust o James Joyce, por citar tres autores casi contempor√°neos del autor, Kafka utiliza una prosa transparente. Kundera enEl arte de la noveladice que Kafka nunca tuvo un prop√≥sito pol√≠tico en su escritura. El mundo que describi√≥ estaba en su cerebro. Lo kafkiano ‚Äìadjetivo que se utiliza hasta el hartazgo‚Äì est√° en sus argumentos. La escritura de Kafka podr√≠a leerla un ni√±o. Por eso algunos lo consideran un autor menor, pero por su mensaje creo que es de los m√°s grandes escritores del siglo XX. A√±ado que √©l pidi√≥ a su amigo Max Brod que, a su muerte, destruyera toda su obra. Brod fue el encargado de publicar sus relatos y novelas, inclusoEl procesoyEl castillo, las novelas que quedaron inconclusas.La metamorfosis. Hay un fragmento en una carta que me hizo pensar que, de esa observaci√≥n, surgi√≥ la idea deLa metamorfosis. Mientras escribe su carta, no quiere que nada, ni nadie lo moleste. Muchas misivas, escritas en la oficina, se ven interrumpidas por su jefe o un visitante. Esto lo pone de muy mal humor. En el ejemplo que citar√©, Kafka est√° escribiendo y ocurre esto: ¬´A pesar de todo, escribir hace bien. Me siento m√°s sereno que hace dos horas, mientras estaba con su carta en la silla tijera. Mientras estaba tendido all√≠, a un paso de m√≠ yac√≠a un escarabajo, patas arriba, desesperado. No pod√≠a enderezarse, me habr√≠a gustado ayudarlo, era tan f√°cil hacerlo, bastaba un paso y un empujoncito para brindarle una ayuda efectiva. Pero lo olvid√© a causa de la carta¬ª. Creo que de all√≠ surgi√≥ esa idea y ese comienzo: ¬´Cuando Gregorio Samsa se despert√≥ una ma√±ana despu√©s de un sue√±o intranquilo, se encontr√≥ sobre su cama convertido en un monstruoso insecto¬ª. En ning√∫n momento se dice que sea una cucaracha o un escarabajo. Deja librado este dato a la mente del lector, pero lo cierto es que trata con enorme humanidad a ese joven Samsa que sufre porque su transformaci√≥n crear√° problemas a sus padres pues ya no contar√°n con su salario y, adem√°s, impedir√° que su hermana consiga un buen partido para casarse.Los apuntes anteriores surgieron de la lectura cuidadosa de lasCartas a Milena. Mi inter√©s es que el lector de esta rese√±a se acerque a cualquier obra de Franz Kafka y que as√≠ comprenda que, detr√°s del absurdo, se halla un intento de dilucidaci√≥n de la existencia humana contempor√°nea.Nota: El nombre de M√≠lena, es esdr√∫julo. Lo dice el mismo Kafka en una carta, pero en todas las traducciones se transform√≥ en plano: Milena.Facebook:Rub√©n MettiniComparte palabrayverso.comTwitterFacebookImprimirWhatsAppMe gustaCargando..."
,es creaci√≥n¬°¬°,"Su prosa. La prosa de Kafka es clara, nada barroca. Comparada con la de Flaubert, Proust o James Joyce, por citar tres autores casi contempor√°neos del autor, Kafka utiliza una prosa transparente. Kundera enEl arte de la noveladice que Kafka nunca tuvo un prop√≥sito pol√≠tico en su escritura. El mundo que describi√≥ estaba en su cerebro. Lo kafkiano ‚Äìadjetivo que se utiliza hasta el hartazgo‚Äì est√° en sus argumentos. La escritura de Kafka podr√≠a leerla un ni√±o. Por eso algunos lo consideran un autor menor, pero por su mensaje creo que es de los m√°s grandes escritores del siglo XX. A√±ado que √©l pidi√≥ a su amigo Max Brod que, a su muerte, destruyera toda su obra. Brod fue el encargado de publicar sus relatos y novelas, inclusoEl procesoyEl castillo, las novelas que quedaron inconclusas.La metamorfosis. Hay un fragmento en una carta que me hizo pensar que, de esa observaci√≥n, surgi√≥ la idea deLa metamorfosis. Mientras escribe su carta, no quiere que nada, ni nadie lo moleste. Muchas misivas, escritas en la oficina, se ven interrumpidas por su jefe o un visitante. Esto lo pone de muy mal humor. En el ejemplo que citar√©, Kafka est√° escribiendo y ocurre esto: ¬´A pesar de todo, escribir hace bien. Me siento m√°s sereno que hace dos horas, mientras estaba con su carta en la silla tijera. Mientras estaba tendido all√≠, a un paso de m√≠ yac√≠a un escarabajo, patas arriba, desesperado. No pod√≠a enderezarse, me habr√≠a gustado ayudarlo, era tan f√°cil hacerlo, bastaba un paso y un empujoncito para brindarle una ayuda efectiva. Pero lo olvid√© a causa de la carta¬ª. Creo que de all√≠ surgi√≥ esa idea y ese comienzo: ¬´Cuando Gregorio Samsa se despert√≥ una ma√±ana despu√©s de un sue√±o intranquilo, se encontr√≥ sobre su cama convertido en un monstruoso insecto¬ª. En ning√∫n momento se dice que sea una cucaracha o un escarabajo. Deja librado este dato a la mente del lector, pero lo cierto es que trata con enorme humanidad a ese joven Samsa que sufre porque su transformaci√≥n crear√° problemas a sus padres pues ya no contar√°n con su salario y, adem√°s, impedir√° que su hermana consiga un buen partido para casarse.Los apuntes anteriores surgieron de la lectura cuidadosa de lasCartas a Milena. Mi inter√©s es que el lector de esta rese√±a se acerque a cualquier obra de Franz Kafka y que as√≠ comprenda que, detr√°s del absurdo, se halla un intento de dilucidaci√≥n de la existencia humana contempor√°nea.Nota: El nombre de M√≠lena, es esdr√∫julo. Lo dice el mismo Kafka en una carta, pero en todas las traducciones se transform√≥ en plano: Milena.Facebook:Rub√©n MettiniComparte palabrayverso.comTwitterFacebookImprimirWhatsAppMe gustaCargando..."
,es creaci√≥n¬°¬°,"La metamorfosis. Hay un fragmento en una carta que me hizo pensar que, de esa observaci√≥n, surgi√≥ la idea deLa metamorfosis. Mientras escribe su carta, no quiere que nada, ni nadie lo moleste. Muchas misivas, escritas en la oficina, se ven interrumpidas por su jefe o un visitante. Esto lo pone de muy mal humor. En el ejemplo que citar√©, Kafka est√° escribiendo y ocurre esto: ¬´A pesar de todo, escribir hace bien. Me siento m√°s sereno que hace dos horas, mientras estaba con su carta en la silla tijera. Mientras estaba tendido all√≠, a un paso de m√≠ yac√≠a un escarabajo, patas arriba, desesperado. No pod√≠a enderezarse, me habr√≠a gustado ayudarlo, era tan f√°cil hacerlo, bastaba un paso y un empujoncito para brindarle una ayuda efectiva. Pero lo olvid√© a causa de la carta¬ª. Creo que de all√≠ surgi√≥ esa idea y ese comienzo: ¬´Cuando Gregorio Samsa se despert√≥ una ma√±ana despu√©s de un sue√±o intranquilo, se encontr√≥ sobre su cama convertido en un monstruoso insecto¬ª. En ning√∫n momento se dice que sea una cucaracha o un escarabajo. Deja librado este dato a la mente del lector, pero lo cierto es que trata con enorme humanidad a ese joven Samsa que sufre porque su transformaci√≥n crear√° problemas a sus padres pues ya no contar√°n con su salario y, adem√°s, impedir√° que su hermana consiga un buen partido para casarse.Los apuntes anteriores surgieron de la lectura cuidadosa de lasCartas a Milena. Mi inter√©s es que el lector de esta rese√±a se acerque a cualquier obra de Franz Kafka y que as√≠ comprenda que, detr√°s del absurdo, se halla un intento de dilucidaci√≥n de la existencia humana contempor√°nea.Nota: El nombre de M√≠lena, es esdr√∫julo. Lo dice el mismo Kafka en una carta, pero en todas las traducciones se transform√≥ en plano: Milena.Facebook:Rub√©n MettiniComparte palabrayverso.comTwitterFacebookImprimirWhatsAppMe gustaCargando..."
,es creaci√≥n¬°¬°,"Los apuntes anteriores surgieron de la lectura cuidadosa de lasCartas a Milena. Mi inter√©s es que el lector de esta rese√±a se acerque a cualquier obra de Franz Kafka y que as√≠ comprenda que, detr√°s del absurdo, se halla un intento de dilucidaci√≥n de la existencia humana contempor√°nea.Nota: El nombre de M√≠lena, es esdr√∫julo. Lo dice el mismo Kafka en una carta, pero en todas las traducciones se transform√≥ en plano: Milena.Facebook:Rub√©n MettiniComparte palabrayverso.comTwitterFacebookImprimirWhatsAppMe gustaCargando..."
,es creaci√≥n¬°¬°,"Los apuntes anteriores surgieron de la lectura cuidadosa de lasCartas a Milena. Mi inter√©s es que el lector de esta rese√±a se acerque a cualquier obra de Franz Kafka y que as√≠ comprenda que, detr√°s del absurdo, se halla un intento de dilucidaci√≥n de la existencia humana contempor√°nea."
,es creaci√≥n¬°¬°,"Nota: El nombre de M√≠lena, es esdr√∫julo. Lo dice el mismo Kafka en una carta, pero en todas las traducciones se transform√≥ en plano: Milena."
,es creaci√≥n¬°¬°,Facebook:Rub√©n Mettini
,3 comentarios,"Excelente rese√±a, amigo Rub√©n. No he tenido la oportunidad de leer este libro pero, sin duda, la lectura de tu an√°lisis me ha impulsado a ponerlo en mi lista de lecturas pendientes. Mil gracias!! Un abrazo grande."
,3 comentarios,Me gustaLe gusta a1 persona
,3 comentarios,"Muy buen trabajo Rub√©n,  me encanta aprender y recordar.La metamorfosis, la represent√©en teatro.Gracias. Besos.üòò"
,3 comentarios,Me gustaLe gusta a1 persona
,3 comentarios,"S√≠, buen trabajo y lo encuentro muy interesante, yo nunca he le√≠do nada de este escritor checo, lo encuentro muy interesante y si pesco en mi camino uno de sus libros me lo compro y me lo empapo.  Gracias por tu rese√±a. Besos y abrazos desde Londres. Andrea Molina"
,3 comentarios,Me gustaMe gusta
,Deja un comentarioCancelar la respuesta,
,Deja un comentarioCancelar la respuesta,Œî
